VarInt,6.6-V1-P,VarInt(1) 单字节,parse,VarInt,N=1,na,normal,normal,standalone,2249,220,10.23,true,,,
VarInt,6.6-V1-B,VarInt(1) 单字节,build,VarInt,N=1,na,normal,normal,standalone,1941,145,13.39,true,,,
VarInt,6.6-V2-P,VarInt(128) 双字节,parse,VarInt,N=1,na,normal,normal,standalone,2185,226,9.68,false,,,
VarInt,6.6-V2-B,VarInt(128) 双字节,build,VarInt,N=1,na,normal,normal,standalone,2006,158,12.69,true,,,
VarInt,6.6-V3-P,VarInt(u32 max) 五字节,parse,VarInt,N=1,na,normal,normal,standalone,2692,237,11.35,true,,,
VarInt,6.6-V3-B,VarInt(u32 max) 五字节,build,VarInt,N=1,na,normal,normal,standalone,2244,169,13.28,true,,,
VarInt,6.6-V4-P,VarInt(u64 max) 十字节,parse,VarInt,N=1,na,normal,normal,standalone,3440,249,13.80,true,,,
VarInt,6.6-V4-B,VarInt(u64 max) 十字节,build,VarInt,N=1,na,normal,normal,standalone,2686,257,10.45,true,,,
VarInt,6.6-V5-P,"Array(100, VarInt) N=100",parse,VarInt,N=100,na,normal,normal,nested_in_struct,36020,1181,30.50,true,,,
VarInt,6.6-V5-B,"Array(100, VarInt) N=100",build,VarInt,N=100,na,normal,normal,nested_in_struct,36173,1394,25.94,true,,,
ZigZag,6.6-Z1-P,ZigZag(0),parse,ZigZag,N=1,na,normal,normal,standalone,2123,228,9.33,false,,,
ZigZag,6.6-Z1-B,ZigZag(0),build,ZigZag,N=1,na,normal,normal,standalone,1993,154,12.93,true,,,
ZigZag,6.6-Z2-P,ZigZag(-1),parse,ZigZag,N=1,na,normal,normal,standalone,2087,227,9.19,false,,,
ZigZag,6.6-Z2-B,ZigZag(-1),build,ZigZag,N=1,na,normal,normal,standalone,2048,158,12.98,true,,,
ZigZag,6.6-Z3-P,ZigZag(2^31-1),parse,ZigZag,N=1,na,normal,normal,standalone,2771,266,10.42,true,,,
ZigZag,6.6-Z3-B,ZigZag(2^31-1),build,ZigZag,N=1,na,normal,normal,standalone,2333,193,12.12,true,,,
ZigZag,6.6-Z4-P,ZigZag(-2^31),parse,ZigZag,N=1,na,normal,normal,standalone,2784,263,10.60,true,,,
ZigZag,6.6-Z4-B,ZigZag(-2^31),build,ZigZag,N=1,na,normal,normal,standalone,2413,198,12.20,true,,,
ZigZag,6.6-Z5-P,"Struct{a,b,c: ZigZag}",parse,ZigZag,N=3,na,normal,normal,standalone,3396,290,11.70,true,,,
ZigZag,6.6-Z5-B,"Struct{a,b,c: ZigZag}",build,ZigZag,N=3,na,normal,normal,standalone,3137,214,14.64,true,,,
BytesInteger,6.6-B1-P,BytesInteger(1) fast-path,parse,BytesInteger,N=1,na,normal,normal,standalone,2070,222,9.31,false,,,
BytesInteger,6.6-B1-B,BytesInteger(1) fast-path,build,BytesInteger,N=1,na,normal,normal,standalone,1976,164,12.05,true,,,
BytesInteger,6.6-B2-P,BytesInteger(2),parse,BytesInteger,N=1,na,normal,normal,standalone,2052,238,8.62,false,,,
BytesInteger,6.6-B2-B,BytesInteger(2),build,BytesInteger,N=1,na,normal,normal,standalone,1973,156,12.68,true,,,
BytesInteger,6.6-B3-P,BytesInteger(4),parse,BytesInteger,N=1,na,normal,normal,standalone,2076,222,9.34,false,,,
BytesInteger,6.6-B3-B,BytesInteger(4),build,BytesInteger,N=1,na,normal,normal,standalone,1964,155,12.64,true,,,
BytesInteger,6.6-B4-P,BytesInteger(8) fast-path 边界,parse,BytesInteger,N=1,na,normal,normal,standalone,2094,225,9.31,false,,,
BytesInteger,6.6-B4-B,BytesInteger(8) fast-path 边界,build,BytesInteger,N=1,na,normal,normal,standalone,1989,158,12.58,true,,,
BytesInteger,6.6-B5-P,BytesInteger(16) slow-path,parse,BytesInteger,N=1,na,normal,normal,standalone,2067,734,2.82,false,,,
BytesInteger,6.6-B5-B,BytesInteger(16) slow-path,build,BytesInteger,N=1,na,normal,normal,standalone,1958,393,4.98,false,,,
Float16b,6.6-F16b-F1-P,Float16b 半精度 BE 场景 F1,parse,Float16b,N=1,signed_be,normal,normal,standalone,2002,225,8.92,false,,,
Float16b,6.6-F16b-F1-B,Float16b 半精度 BE 场景 F1,build,Float16b,N=1,signed_be,normal,normal,standalone,1847,148,12.49,true,,,
Float16b,6.6-F16b-F2-P,Float16b 半精度 BE 场景 F2,parse,Float16b,N=1,signed_be,normal,normal,standalone,1932,227,8.52,false,,,
Float16b,6.6-F16b-F2-B,Float16b 半精度 BE 场景 F2,build,Float16b,N=1,signed_be,normal,normal,standalone,1873,151,12.39,true,,,
Float16b,6.6-F16b-F3-P,Float16b 半精度 BE 场景 F3,parse,Float16b,N=1,signed_be,normal,normal,standalone,1943,237,8.21,false,,,
Float16b,6.6-F16b-F3-B,Float16b 半精度 BE 场景 F3,build,Float16b,N=1,signed_be,normal,normal,standalone,1870,149,12.57,true,,,
Float16b,6.6-F16b-F4-P,Float16b 半精度 BE 场景 F4,parse,Float16b,N=1,signed_be,normal,normal,standalone,1916,228,8.40,false,,,
Float16b,6.6-F16b-F5-P,Float16b 半精度 BE 场景 F5,parse,Float16b,N=1,signed_be,normal,normal,standalone,1897,233,8.15,false,,,
Float16l,6.6-F16l-F1-P,Float16l 半精度 LE 场景 F1,parse,Float16l,N=1,signed_le,normal,normal,standalone,1903,230,8.29,false,,,
Float16l,6.6-F16l-F1-B,Float16l 半精度 LE 场景 F1,build,Float16l,N=1,signed_le,normal,normal,standalone,1890,154,12.28,true,,,
Float16l,6.6-F16l-F2-P,Float16l 半精度 LE 场景 F2,parse,Float16l,N=1,signed_le,normal,normal,standalone,1943,226,8.59,false,,,
Float16l,6.6-F16l-F2-B,Float16l 半精度 LE 场景 F2,build,Float16l,N=1,signed_le,normal,normal,standalone,1919,153,12.52,true,,,
Float16l,6.6-F16l-F3-P,Float16l 半精度 LE 场景 F3,parse,Float16l,N=1,signed_le,normal,normal,standalone,1935,227,8.52,false,,,
Float16l,6.6-F16l-F3-B,Float16l 半精度 LE 场景 F3,build,Float16l,N=1,signed_le,normal,normal,standalone,1875,153,12.24,true,,,
Float16l,6.6-F16l-F4-P,Float16l 半精度 LE 场景 F4,parse,Float16l,N=1,signed_le,normal,normal,standalone,1969,228,8.64,false,,,
Float16l,6.6-F16l-F5-P,Float16l 半精度 LE 场景 F5,parse,Float16l,N=1,signed_le,normal,normal,standalone,2038,230,8.87,false,,,
Float32b,6.6-F32b-F1-P,Float32b 单精度 BE 场景 F1,parse,Float32b,N=1,signed_be,normal,normal,standalone,1936,227,8.52,false,,,
Float32b,6.6-F32b-F1-B,Float32b 单精度 BE 场景 F1,build,Float32b,N=1,signed_be,normal,normal,standalone,1891,150,12.61,true,,,
Float32b,6.6-F32b-F2-P,Float32b 单精度 BE 场景 F2,parse,Float32b,N=1,signed_be,normal,normal,standalone,1940,225,8.64,false,,,
Float32b,6.6-F32b-F2-B,Float32b 单精度 BE 场景 F2,build,Float32b,N=1,signed_be,normal,normal,standalone,1884,151,12.45,true,,,
Float32b,6.6-F32b-F3-P,Float32b 单精度 BE 场景 F3,parse,Float32b,N=1,signed_be,normal,normal,standalone,1972,227,8.69,false,,,
Float32b,6.6-F32b-F3-B,Float32b 单精度 BE 场景 F3,build,Float32b,N=1,signed_be,normal,normal,standalone,1882,152,12.42,true,,,
Float32b,6.6-F32b-F4-P,Float32b 单精度 BE 场景 F4,parse,Float32b,N=1,signed_be,normal,normal,standalone,1951,227,8.61,false,,,
Float32b,6.6-F32b-F4-B,Float32b 单精度 BE 场景 F4,build,Float32b,N=1,signed_be,normal,normal,standalone,1946,151,12.87,true,,,
Float32b,6.6-F32b-F5-P,Float32b 单精度 BE 场景 F5,parse,Float32b,N=1,signed_be,normal,normal,standalone,1933,228,8.49,false,,,
Float32b,6.6-F32b-F5-B,Float32b 单精度 BE 场景 F5,build,Float32b,N=1,signed_be,normal,normal,standalone,1877,152,12.32,true,,,
Float32l,6.6-F32l-F1-P,Float32l 单精度 LE 场景 F1,parse,Float32l,N=1,signed_le,normal,normal,standalone,1958,227,8.62,false,,,
Float32l,6.6-F32l-F1-B,Float32l 单精度 LE 场景 F1,build,Float32l,N=1,signed_le,normal,normal,standalone,1857,153,12.15,true,,,
Float32l,6.6-F32l-F2-P,Float32l 单精度 LE 场景 F2,parse,Float32l,N=1,signed_le,normal,normal,standalone,1973,228,8.65,false,,,
Float32l,6.6-F32l-F2-B,Float32l 单精度 LE 场景 F2,build,Float32l,N=1,signed_le,normal,normal,standalone,1842,154,11.92,true,,,
Float32l,6.6-F32l-F3-P,Float32l 单精度 LE 场景 F3,parse,Float32l,N=1,signed_le,normal,normal,standalone,1896,224,8.46,false,,,
Float32l,6.6-F32l-F3-B,Float32l 单精度 LE 场景 F3,build,Float32l,N=1,signed_le,normal,normal,standalone,1846,152,12.15,true,,,
Float32l,6.6-F32l-F4-P,Float32l 单精度 LE 场景 F4,parse,Float32l,N=1,signed_le,normal,normal,standalone,1935,228,8.47,false,,,
Float32l,6.6-F32l-F4-B,Float32l 单精度 LE 场景 F4,build,Float32l,N=1,signed_le,normal,normal,standalone,1938,150,12.89,true,,,
Float32l,6.6-F32l-F5-P,Float32l 单精度 LE 场景 F5,parse,Float32l,N=1,signed_le,normal,normal,standalone,1940,224,8.65,false,,,
Float32l,6.6-F32l-F5-B,Float32l 单精度 LE 场景 F5,build,Float32l,N=1,signed_le,normal,normal,standalone,1872,151,12.36,true,,,
Float64b,6.6-F64b-F1-P,Float64b 双精度 BE 场景 F1,parse,Float64b,N=1,signed_be,normal,normal,standalone,1967,226,8.70,false,,,
Float64b,6.6-F64b-F1-B,Float64b 双精度 BE 场景 F1,build,Float64b,N=1,signed_be,normal,normal,standalone,1849,148,12.46,true,,,
Float64b,6.6-F64b-F2-P,Float64b 双精度 BE 场景 F2,parse,Float64b,N=1,signed_be,normal,normal,standalone,1978,227,8.71,false,,,
Float64b,6.6-F64b-F2-B,Float64b 双精度 BE 场景 F2,build,Float64b,N=1,signed_be,normal,normal,standalone,1868,148,12.60,true,,,
Float64b,6.6-F64b-F3-P,Float64b 双精度 BE 场景 F3,parse,Float64b,N=1,signed_be,normal,normal,standalone,1938,225,8.61,false,,,
Float64b,6.6-F64b-F3-B,Float64b 双精度 BE 场景 F3,build,Float64b,N=1,signed_be,normal,normal,standalone,1845,147,12.51,true,,,
Float64b,6.6-F64b-F4-P,Float64b 双精度 BE 场景 F4,parse,Float64b,N=1,signed_be,normal,normal,standalone,1942,226,8.60,false,,,
Float64b,6.6-F64b-F4-B,Float64b 双精度 BE 场景 F4,build,Float64b,N=1,signed_be,normal,normal,standalone,1853,149,12.41,true,,,
Float64b,6.6-F64b-F5-P,Float64b 双精度 BE 场景 F5,parse,Float64b,N=1,signed_be,normal,normal,standalone,1978,225,8.79,false,,,
Float64b,6.6-F64b-F5-B,Float64b 双精度 BE 场景 F5,build,Float64b,N=1,signed_be,normal,normal,standalone,1923,148,12.96,true,,,
Float64l,6.6-F64l-F1-P,Float64l 双精度 LE 场景 F1,parse,Float64l,N=1,signed_le,normal,normal,standalone,1977,226,8.74,false,,,
Float64l,6.6-F64l-F1-B,Float64l 双精度 LE 场景 F1,build,Float64l,N=1,signed_le,normal,normal,standalone,1896,147,12.89,true,,,
Float64l,6.6-F64l-F2-P,Float64l 双精度 LE 场景 F2,parse,Float64l,N=1,signed_le,normal,normal,standalone,1928,229,8.43,false,,,
Float64l,6.6-F64l-F2-B,Float64l 双精度 LE 场景 F2,build,Float64l,N=1,signed_le,normal,normal,standalone,1924,147,13.09,true,,,
Float64l,6.6-F64l-F3-P,Float64l 双精度 LE 场景 F3,parse,Float64l,N=1,signed_le,normal,normal,standalone,1962,226,8.68,false,,,
Float64l,6.6-F64l-F3-B,Float64l 双精度 LE 场景 F3,build,Float64l,N=1,signed_le,normal,normal,standalone,1847,148,12.46,true,,,
Float64l,6.6-F64l-F4-P,Float64l 双精度 LE 场景 F4,parse,Float64l,N=1,signed_le,normal,normal,standalone,1977,226,8.76,false,,,
Float64l,6.6-F64l-F4-B,Float64l 双精度 LE 场景 F4,build,Float64l,N=1,signed_le,normal,normal,standalone,1857,147,12.60,true,,,
Float64l,6.6-F64l-F5-P,Float64l 双精度 LE 场景 F5,parse,Float64l,N=1,signed_le,normal,normal,standalone,1934,226,8.57,false,,,
Float64l,6.6-F64l-F5-B,Float64l 双精度 LE 场景 F5,build,Float64l,N=1,signed_le,normal,normal,standalone,1878,164,11.48,true,,,
Int24ub,6.6-I24ub-I1-P,Int24ub 3 字节无符号 BE 场景 I1,parse,Int24ub,N=1,unsigned_be,normal,normal,standalone,2100,222,9.44,false,,,
Int24ub,6.6-I24ub-I1-B,Int24ub 3 字节无符号 BE 场景 I1,build,Int24ub,N=1,unsigned_be,normal,normal,standalone,1974,187,10.53,true,,,
Int24ub,6.6-I24ub-I2-P,Int24ub 3 字节无符号 BE 场景 I2,parse,Int24ub,N=1,unsigned_be,normal,normal,standalone,2067,226,9.14,false,,,
Int24ub,6.6-I24ub-I2-B,Int24ub 3 字节无符号 BE 场景 I2,build,Int24ub,N=1,unsigned_be,normal,normal,standalone,2034,153,13.31,true,,,
Int24ub,6.6-I24ub-I3-P,Int24ub 3 字节无符号 BE 场景 I3,parse,Int24ub,N=1,unsigned_be,normal,normal,standalone,2114,229,9.24,false,,,
Int24ub,6.6-I24ub-I3-B,Int24ub 3 字节无符号 BE 场景 I3,build,Int24ub,N=1,unsigned_be,normal,normal,standalone,2044,156,13.14,true,,,
Int24ul,6.6-I24ul-I1-P,Int24ul 3 字节无符号 LE 场景 I1,parse,Int24ul,N=1,unsigned_le,normal,normal,standalone,2200,222,9.90,false,,,
Int24ul,6.6-I24ul-I1-B,Int24ul 3 字节无符号 LE 场景 I1,build,Int24ul,N=1,unsigned_le,normal,normal,standalone,2089,157,13.29,true,,,
Int24ul,6.6-I24ul-I2-P,Int24ul 3 字节无符号 LE 场景 I2,parse,Int24ul,N=1,unsigned_le,normal,normal,standalone,2088,229,9.14,false,,,
Int24ul,6.6-I24ul-I2-B,Int24ul 3 字节无符号 LE 场景 I2,build,Int24ul,N=1,unsigned_le,normal,normal,standalone,2124,156,13.66,true,,,
Int24ul,6.6-I24ul-I3-P,Int24ul 3 字节无符号 LE 场景 I3,parse,Int24ul,N=1,unsigned_le,normal,normal,standalone,2163,253,8.53,false,,,
Int24ul,6.6-I24ul-I3-B,Int24ul 3 字节无符号 LE 场景 I3,build,Int24ul,N=1,unsigned_le,normal,normal,standalone,2080,156,13.34,true,,,
Int24sb,6.6-I24sb-I1-P,Int24sb 3 字节有符号 BE 场景 I1,parse,Int24sb,N=1,signed_be,normal,normal,standalone,2114,225,9.39,false,,,
Int24sb,6.6-I24sb-I1-B,Int24sb 3 字节有符号 BE 场景 I1,build,Int24sb,N=1,signed_be,normal,normal,standalone,1980,150,13.18,true,,,
Int24sb,6.6-I24sb-I2-P,Int24sb 3 字节有符号 BE 场景 I2,parse,Int24sb,N=1,signed_be,normal,normal,standalone,2082,253,8.21,false,,,
Int24sb,6.6-I24sb-I2-B,Int24sb 3 字节有符号 BE 场景 I2,build,Int24sb,N=1,signed_be,normal,normal,standalone,2122,150,14.18,true,,,
Int24sb,6.6-I24sb-I3-P,Int24sb 3 字节有符号 BE 场景 I3,parse,Int24sb,N=1,signed_be,normal,normal,standalone,2091,227,9.22,false,,,
Int24sb,6.6-I24sb-I4-P,Int24sb 3 字节有符号 BE 场景 I4 (-1),parse,Int24sb,N=1,signed_be,normal,normal,standalone,2073,225,9.21,false,,,
Int24sb,6.6-I24sb-I4-B,Int24sb 3 字节有符号 BE 场景 I4 (-1),build,Int24sb,N=1,signed_be,normal,normal,standalone,2003,157,12.75,true,,,
Int24sl,6.6-I24sl-I1-P,Int24sl 3 字节有符号 LE 场景 I1,parse,Int24sl,N=1,signed_le,normal,normal,standalone,2157,226,9.53,false,,,
Int24sl,6.6-I24sl-I1-B,Int24sl 3 字节有符号 LE 场景 I1,build,Int24sl,N=1,signed_le,normal,normal,standalone,2026,150,13.52,true,,,
Int24sl,6.6-I24sl-I2-P,Int24sl 3 字节有符号 LE 场景 I2,parse,Int24sl,N=1,signed_le,normal,normal,standalone,2145,229,9.36,false,,,
Int24sl,6.6-I24sl-I2-B,Int24sl 3 字节有符号 LE 场景 I2,build,Int24sl,N=1,signed_le,normal,normal,standalone,2052,149,13.74,true,,,
Int24sl,6.6-I24sl-I3-P,Int24sl 3 字节有符号 LE 场景 I3,parse,Int24sl,N=1,signed_le,normal,normal,standalone,2182,225,9.70,false,,,
Int24sl,6.6-I24sl-I4-P,Int24sl 3 字节有符号 LE 场景 I4 (-1),parse,Int24sl,N=1,signed_le,normal,normal,standalone,2159,225,9.60,false,,,
Int24sl,6.6-I24sl-I4-B,Int24sl 3 字节有符号 LE 场景 I4 (-1),build,Int24sl,N=1,signed_le,normal,normal,standalone,2068,156,13.22,true,,,
Int24ub,6.6-I24ub-ARR-P,"Array(100, Int24ub) N=100",parse,Int24ub,N=100,unsigned_be,normal,normal,nested_in_struct,40252,1448,27.81,true,,,
Int24ub,6.6-I24ub-ARR-B,"Array(100, Int24ub) N=100",build,Int24ub,N=100,unsigned_be,normal,normal,nested_in_struct,39356,1371,28.71,true,,,
CString,6.6-C1-P,CString 场景 1,parse,CString,N=1,na,normal,normal,standalone,2697,286,9.43,false,,,
CString,6.6-C1-B,CString 场景 1,build,CString,N=1,na,normal,normal,standalone,1973,184,10.72,true,,,
CString,6.6-C2-P,CString 场景 2,parse,CString,N=1,na,normal,normal,standalone,5773,546,10.58,true,,,
CString,6.6-C2-B,CString 场景 2,build,CString,N=1,na,normal,normal,standalone,2025,227,8.92,false,,,
CString,6.6-C3-P,CString 场景 3,parse,CString,N=1,na,normal,normal,standalone,2780,284,9.78,false,,,
CString,6.6-C3-B,CString 场景 3,build,CString,N=1,na,normal,normal,standalone,2021,190,10.66,true,,,
CString,6.6-C4-P,CString 场景 4,parse,CString,N=1,na,normal,normal,standalone,3269,290,11.26,true,,,
CString,6.6-C4-B,CString 场景 4,build,CString,N=1,na,normal,normal,standalone,2237,217,10.29,true,,,
CString,6.6-C5-P,CString 场景 5,parse,CString,N=1,na,normal,normal,standalone,3160,291,10.84,true,,,
CString,6.6-C5-B,CString 场景 5,build,CString,N=1,na,normal,normal,standalone,2278,208,10.98,true,,,
GreedyString,6.6-G1-P,GreedyString 场景 1,parse,GreedyString,N=1,na,normal,normal,standalone,1981,240,8.25,false,,,
GreedyString,6.6-G1-B,GreedyString 场景 1,build,GreedyString,N=1,na,normal,normal,standalone,1918,189,10.17,true,,,
GreedyString,6.6-G2-P,GreedyString 场景 2,parse,GreedyString,N=1,na,normal,normal,standalone,1986,253,7.86,false,,,
GreedyString,6.6-G2-B,GreedyString 场景 2,build,GreedyString,N=1,na,normal,normal,standalone,1900,189,10.05,true,,,
GreedyString,6.6-G3-P,GreedyString 场景 3,parse,GreedyString,N=1,na,normal,normal,standalone,2015,245,8.21,false,,,
GreedyString,6.6-G3-B,GreedyString 场景 3,build,GreedyString,N=1,na,normal,normal,standalone,2001,185,10.81,true,,,
GreedyString,6.6-G4-P,GreedyString 场景 4,parse,GreedyString,N=1,na,normal,normal,standalone,2315,242,9.56,false,,,
GreedyString,6.6-G4-B,GreedyString 场景 4,build,GreedyString,N=1,na,normal,normal,standalone,2080,201,10.33,true,,,
GreedyString,6.6-G5-P,GreedyString 场景 5,parse,GreedyString,N=1,na,normal,normal,standalone,2259,248,9.11,false,,,
GreedyString,6.6-G5-B,GreedyString 场景 5,build,GreedyString,N=1,na,normal,normal,standalone,2048,208,9.85,false,,,
PaddedString,6.6-P1-P,PaddedString 场景 1,parse,PaddedString,N=1,na,normal,normal,standalone,3205,244,13.11,true,,,
PaddedString,6.6-P1-B,PaddedString 场景 1,build,PaddedString,N=1,na,normal,normal,standalone,2397,206,11.66,true,,,
PaddedString,6.6-P2-P,PaddedString 场景 2,parse,PaddedString,N=1,na,normal,normal,standalone,3380,280,12.06,true,,,
PaddedString,6.6-P2-B,PaddedString 场景 2,build,PaddedString,N=1,na,normal,normal,standalone,2394,262,9.16,false,,,
PaddedString,6.6-P3-P,PaddedString 场景 3,parse,PaddedString,N=1,na,normal,normal,standalone,3231,248,13.05,true,,,
PaddedString,6.6-P3-B,PaddedString 场景 3,build,PaddedString,N=1,na,normal,normal,standalone,2308,211,10.93,true,,,
PaddedString,6.6-P4-P,PaddedString 场景 4,parse,PaddedString,N=1,na,normal,normal,standalone,3778,255,14.82,true,,,
PaddedString,6.6-P4-B,PaddedString 场景 4,build,PaddedString,N=1,na,normal,normal,standalone,2520,225,11.22,true,,,
PaddedString,6.6-P5-P,PaddedString 场景 5,parse,PaddedString,N=1,na,normal,normal,standalone,3908,257,15.19,true,,,
PaddedString,6.6-P5-B,PaddedString 场景 5,build,PaddedString,N=1,na,normal,normal,standalone,2437,227,10.74,true,,,
PascalString,6.6-PS1-P,PascalString 场景 1,parse,PascalString,N=1,na,normal,normal,standalone,2777,255,10.88,true,,,
PascalString,6.6-PS1-B,PascalString 场景 1,build,PascalString,N=1,na,normal,normal,standalone,2293,193,11.87,true,,,
PascalString,6.6-PS2-P,PascalString 场景 2,parse,PascalString,N=1,na,normal,normal,standalone,2852,274,10.42,true,,,
PascalString,6.6-PS2-B,PascalString 场景 2,build,PascalString,N=1,na,normal,normal,standalone,2341,256,9.16,false,,,
PascalString,6.6-PS3-P,PascalString 场景 3,parse,PascalString,N=1,na,normal,normal,standalone,2755,254,10.85,true,,,
PascalString,6.6-PS3-B,PascalString 场景 3,build,PascalString,N=1,na,normal,normal,standalone,2296,198,11.57,true,,,
PascalString,6.6-PS4-P,PascalString 场景 4,parse,PascalString,N=1,na,normal,normal,standalone,2815,253,11.12,true,,,
PascalString,6.6-PS4-B,PascalString 场景 4,build,PascalString,N=1,na,normal,normal,standalone,2371,197,12.02,true,,,
PascalString,6.6-PS5-P,PascalString 场景 5,parse,PascalString,N=1,na,normal,normal,standalone,3101,264,11.76,true,,,
PascalString,6.6-PS5-B,PascalString 场景 5,build,PascalString,N=1,na,normal,normal,standalone,2508,215,11.65,true,,,
NullTerminated,6.6-NT1-P,NullTerminated 场景 1,parse,NullTerminated,N=1,na,normal,normal,standalone,2619,277,9.44,false,,,
NullTerminated,6.6-NT1-B,NullTerminated 场景 1,build,NullTerminated,N=1,na,normal,normal,standalone,1936,161,12.03,true,,,
NullTerminated,6.6-NT2-P,NullTerminated 场景 2,parse,NullTerminated,N=1,na,normal,normal,standalone,8791,675,13.02,true,,,
NullTerminated,6.6-NT2-B,NullTerminated 场景 2,build,NullTerminated,N=1,na,normal,normal,standalone,1927,216,8.93,false,,,
NullTerminated,6.6-NT3-P,NullTerminated 场景 3,parse,NullTerminated,N=1,na,normal,normal,standalone,2608,268,9.75,false,,,
NullTerminated,6.6-NT3-B,NullTerminated 场景 3,build,NullTerminated,N=1,na,normal,normal,standalone,1978,159,12.41,true,,,
NullTerminated,6.6-NT4-P,NullTerminated 场景 4,parse,NullTerminated,N=1,na,normal,normal,standalone,2570,275,9.35,false,,,
NullTerminated,6.6-NT4-B,NullTerminated 场景 4,build,NullTerminated,N=1,na,normal,normal,standalone,1908,161,11.84,true,,,
NullTerminated,6.6-NT5-B,NullTerminated 场景 5,build,NullTerminated,N=1,na,normal,normal,standalone,1985,160,12.44,true,,,
NullStripped,6.6-NS1-P,NullStripped 场景 1,parse,NullStripped,N=1,na,normal,normal,standalone,2371,235,10.10,true,,,
NullStripped,6.6-NS1-B,NullStripped 场景 1,build,NullStripped,N=1,na,normal,normal,standalone,1840,158,11.65,true,,,
NullStripped,6.6-NS2-P,NullStripped 场景 2,parse,NullStripped,N=1,na,normal,normal,standalone,2659,239,11.13,true,,,
NullStripped,6.6-NS2-B,NullStripped 场景 2,build,NullStripped,N=1,na,normal,normal,standalone,1846,158,11.69,true,,,
NullStripped,6.6-NS3-P,NullStripped 场景 3,parse,NullStripped,N=1,na,normal,normal,standalone,2505,234,10.72,true,,,
NullStripped,6.6-NS3-B,NullStripped 场景 3,build,NullStripped,N=1,na,normal,normal,standalone,1847,143,12.88,true,,,
NullStripped,6.6-NS4-P,NullStripped 场景 4,parse,NullStripped,N=1,na,normal,normal,standalone,2454,237,10.34,true,,,
NullStripped,6.6-NS4-B,NullStripped 场景 4,build,NullStripped,N=1,na,normal,normal,standalone,1852,158,11.74,true,,,
NullStripped,6.6-NS5-P,NullStripped 场景 5,parse,NullStripped,N=1,na,normal,normal,standalone,2458,233,10.57,true,,,
NullStripped,6.6-NS5-B,NullStripped 场景 5,build,NullStripped,N=1,na,normal,normal,standalone,1920,158,12.18,true,,,
Subconstruct,6.6-SC1-P,Subconstruct 场景 1,parse,Subconstruct,N=1,na,normal,normal,standalone,1988,224,8.86,false,,,
Subconstruct,6.6-SC1-B,Subconstruct 场景 1,build,Subconstruct,N=1,na,normal,normal,standalone,1844,140,13.17,true,,,
Subconstruct,6.6-SC2-P,Subconstruct 场景 2,parse,Subconstruct,N=1,na,normal,normal,standalone,2011,224,8.99,false,,,
Subconstruct,6.6-SC2-B,Subconstruct 场景 2,build,Subconstruct,N=1,na,normal,normal,standalone,1892,151,12.55,true,,,
Subconstruct,6.6-SC3-P,Subconstruct 场景 3,parse,Subconstruct,N=1,na,normal,normal,standalone,1935,234,8.28,false,,,
Subconstruct,6.6-SC3-B,Subconstruct 场景 3,build,Subconstruct,N=1,na,normal,normal,standalone,1901,153,12.42,true,,,
Subconstruct,6.6-SC4-P,Subconstruct 场景 4,parse,Subconstruct,N=1,na,normal,normal,standalone,2566,249,10.31,true,,,
Subconstruct,6.6-SC4-B,Subconstruct 场景 4,build,Subconstruct,N=1,na,normal,normal,standalone,2238,173,12.94,true,,,
Subconstruct,6.6-SC5-P,Subconstruct 场景 5,parse,Subconstruct,N=1,na,normal,normal,standalone,32050,1308,24.51,true,,,
Subconstruct,6.6-SC5-B,Subconstruct 场景 5,build,Subconstruct,N=1,na,normal,normal,standalone,27714,1154,24.02,true,,,
Peek,6.6-PK1-P,Peek 场景 1,parse,Peek,N=1,na,normal,normal,nested_in_struct,2560,253,10.10,true,,,
Peek,6.6-PK1-B,Peek 场景 1,build,Peek,N=1,na,normal,normal,nested_in_struct,2142,154,13.94,true,,,
Peek,6.6-PK2-P,Peek 场景 2,parse,Peek,N=1,na,normal,normal,nested_in_struct,2569,263,9.79,false,,,
Peek,6.6-PK2-B,Peek 场景 2,build,Peek,N=1,na,normal,normal,nested_in_struct,2067,167,12.39,true,,,
Peek,6.6-PK3-P,Peek 场景 3,parse,Peek,N=1,na,normal,normal,nested_in_struct,3146,276,11.40,true,,,
Peek,6.6-PK3-B,Peek 场景 3,build,Peek,N=1,na,normal,normal,nested_in_struct,2370,167,14.18,true,,,
Peek,6.6-PK4-P,Peek 场景 4,parse,Peek,N=1,na,normal,normal,nested_in_struct,3592,348,10.33,true,,,
Peek,6.6-PK4-B,Peek 场景 4,build,Peek,N=1,na,normal,normal,nested_in_struct,2144,153,13.99,true,,,
Peek,6.6-PK5-P,Peek 场景 5,parse,Peek,N=1,na,normal,normal,nested_in_struct,2968,272,10.92,true,,,
Peek,6.6-PK5-B,Peek 场景 5,build,Peek,N=1,na,normal,normal,nested_in_struct,2136,162,13.16,true,,,
RawCopy,6.6-RC1-P,RawCopy 场景 1,parse,RawCopy,N=1,na,normal,normal,nested_in_struct,2345,433,5.41,false,,,
RawCopy,6.6-RC1-B,RawCopy 场景 1,build,RawCopy,N=1,na,normal,normal,nested_in_struct,2103,244,8.62,false,,,
RawCopy,6.6-RC2-P,RawCopy 场景 2,parse,RawCopy,N=1,na,normal,normal,nested_in_struct,2329,452,5.15,false,,,
RawCopy,6.6-RC2-B,RawCopy 场景 2,build,RawCopy,N=1,na,normal,normal,nested_in_struct,2126,252,8.45,false,,,
RawCopy,6.6-RC3-P,RawCopy 场景 3,parse,RawCopy,N=1,na,normal,normal,nested_in_struct,2286,459,4.98,false,,,
RawCopy,6.6-RC3-B,RawCopy 场景 3,build,RawCopy,N=1,na,normal,normal,nested_in_struct,2043,249,8.19,false,,,
RawCopy,6.6-RC4-P,RawCopy 场景 4,parse,RawCopy,N=1,na,normal,normal,nested_in_struct,2786,455,6.12,false,,,
RawCopy,6.6-RC4-B,RawCopy 场景 4,build,RawCopy,N=1,na,normal,normal,nested_in_struct,2659,276,9.63,false,,,
RawCopy,6.6-RC5-P,RawCopy 场景 5,parse,RawCopy,N=1,na,normal,normal,nested_in_struct,67929,19549,3.47,false,,,
RawCopy,6.6-RC5-B,RawCopy 场景 5,build,RawCopy,N=1,na,normal,normal,nested_in_struct,52375,10091,5.19,false,,,
Rebuild,6.6-RB1-P,Rebuild 场景 1,parse,Rebuild,N=1,na,normal,normal,nested_in_struct,2510,252,9.97,false,,,
Rebuild,6.6-RB1-B,Rebuild 场景 1,build,Rebuild,N=1,na,normal,normal,nested_in_struct,2507,242,10.37,true,,,
Rebuild,6.6-RB2-P,Rebuild 场景 2,parse,Rebuild,N=1,na,normal,normal,nested_in_struct,2470,255,9.70,false,,,
Rebuild,6.6-RB2-B,Rebuild 场景 2,build,Rebuild,N=1,na,normal,normal,nested_in_struct,2510,240,10.46,true,,,
Rebuild,6.6-RB3-P,Rebuild 场景 3,parse,Rebuild,N=1,na,normal,normal,nested_in_struct,2472,253,9.76,false,,,
Rebuild,6.6-RB3-B,Rebuild 场景 3,build,Rebuild,N=1,na,normal,normal,nested_in_struct,2576,240,10.72,true,,,
Rebuild,6.6-RB4-P,Rebuild 场景 4,parse,Rebuild,N=1,na,normal,normal,nested_in_struct,2838,275,10.34,true,,,
Rebuild,6.6-RB4-B,Rebuild 场景 4,build,Rebuild,N=1,na,normal,normal,nested_in_struct,2849,285,10.01,true,,,
Rebuild,6.6-RB5-P,Rebuild 场景 5,parse,Rebuild,N=1,na,normal,normal,nested_in_struct,2794,284,9.85,false,,,
Rebuild,6.6-RB5-B,Rebuild 场景 5,build,Rebuild,N=1,na,normal,normal,nested_in_struct,2938,279,10.54,true,,,
Pass,6.6-PA1-P,Pass 场景 1,parse,Pass,N=1,na,normal,normal,nested_in_struct,2255,247,9.13,false,,,
Pass,6.6-PA1-B,Pass 场景 1,build,Pass,N=1,na,normal,normal,nested_in_struct,2101,153,13.77,true,,,
Pass,6.6-PA2-P,Pass 场景 2,parse,Pass,N=1,na,normal,normal,nested_in_struct,2268,244,9.28,false,,,
Pass,6.6-PA2-B,Pass 场景 2,build,Pass,N=1,na,normal,normal,nested_in_struct,2125,151,14.05,true,,,
Pass,6.6-PA3-P,Pass 场景 3,parse,Pass,N=1,na,normal,normal,nested_in_struct,2781,264,10.55,true,,,
Pass,6.6-PA3-B,Pass 场景 3,build,Pass,N=1,na,normal,normal,nested_in_struct,2472,184,13.42,true,,,
Pass,6.6-PA4-P,Pass 场景 4,parse,Pass,N=1,na,normal,normal,nested_in_struct,1784,214,8.34,false,,,
Pass,6.6-PA4-B,Pass 场景 4,build,Pass,N=1,na,normal,normal,nested_in_struct,1662,101,16.43,true,,,
Pass,6.6-PA5-P,Pass 场景 5,parse,Pass,N=1,na,normal,normal,nested_in_struct,2908,295,9.85,false,,,
Pass,6.6-PA5-B,Pass 场景 5,build,Pass,N=1,na,normal,normal,nested_in_struct,2668,199,13.40,true,,,
